phrase;word_count;items_total;calendar_count;calendar_pct;forwarding_count;forwarding_pct;knowledge-base_count;knowledge-base_pct;none_count;none_pct;matching_ids
einen termin;2;25;21;30.0;0;0.0;1;1.1;3;3.0;SP-001, SP-003, SP-010, SP-018, ZE-001, ZE-013, ZE-016, ZE-017, ZE-020, ZE-026, IM-001, IM-003, IM-008, IM-012, IM-014, IM-019, SC-001, SC-003, SC-008, SC-014, SC-019, SC-021, ME-001, ME-003, ME-007
ich habe;2;19;6;8.6;1;2.5;2;2.2;10;10.0;SP-005, SP-018, SP-032, AM-002, EC-004, HH-004, HH-052, ZE-017, IM-014, SC-005, ME-008, ME-011, ME-012, ME-013, ME-020, CH-013, PI-007, PI-011, PI-018
habe ich;2;17;6;8.6;0;0.0;1;1.1;10;10.0;SP-016, SP-017, SP-023, EC-002, HH-011, PD-002, ZE-006, ZE-016, ZE-029, IM-005, IM-009, SC-021, CH-009, CH-018, PI-002, PI-004, PI-013
bei ihnen;2;16;11;15.7;0;0.0;3;3.3;2;2.0;SP-004, SP-033, ZE-001, ZE-005, ZE-012, ZE-016, IM-007, IM-014, IM-020, IM-021, SC-005, SC-006, SC-007, SC-021, CH-012, CH-019
sie mich;2;15;0;0.0;15;37.5;0;0.0;0;0.0;SP-051, SP-059, SP-062, HH-025, HH-030, HH-032, HH-034, HH-037, HH-039, HH-041, HH-043, HH-048, HH-050, HH-053, HH-057
gibt es;2;14;3;4.3;0;0.0;11;12.2;0;0.0;SP-032, AM-005, AM-007, EC-006, EC-007, EC-008, PD-015, ZE-015, ZE-028, ZE-030, IM-006, SC-010, CH-014, PI-021
können sie;2;14;3;4.3;10;25.0;1;1.1;0;0.0;SP-051, SP-062, HH-014, HH-032, HH-039, HH-041, HH-043, HH-048, HH-050, HH-053, HH-057, IM-010, SC-016, ME-007
nächste woche;2;14;10;14.3;1;2.5;0;0.0;3;3.0;SP-062, ZE-014, ZE-015, IM-004, IM-005, IM-006, SC-004, SC-005, SC-006, SC-010, ME-004, ME-005, ME-006, ME-016
ich möchte;2;13;2;2.9;1;2.5;8;8.9;2;2.0;AM-003, HH-005, HH-006, HH-057, PD-003, ZE-013, ZE-016, ZE-023, ZE-032, IM-013, SC-019, CH-014, PI-003
bei euch;2;11;1;1.4;0;0.0;9;10.0;1;1.0;PD-010, PD-012, ZE-017, ZE-020, ZE-023, ZE-025, ZE-028, ZE-030, PI-014, PI-015, PI-017
mit dem;2;11;1;1.4;5;12.5;1;1.1;4;4.0;SP-012, SP-051, SP-052, HH-009, HH-022, HH-023, HH-034, HH-048, ZE-030, IM-004, PI-011
noch nicht;2;11;2;2.9;0;0.0;1;1.1;8;8.0;SP-011, SP-018, SP-023, SP-038, ZE-011, IM-002, IM-007, IM-009, IM-020, SC-014, ME-002
können sie mich;3;10;0;0.0;10;25.0;0;0.0;0;0.0;SP-051, SP-062, HH-032, HH-039, HH-041, HH-043, HH-048, HH-050, HH-053, HH-057
amazon business;2;10;0;0.0;0;0.0;10;11.1;0;0.0;AM-001, AM-003, AM-005, AM-006, AM-007, AM-012, EC-005, EC-007, EC-008, EC-012
kann ich;2;10;5;7.1;1;2.5;4;4.4;0;0.0;SP-030, SP-032, SP-050, EC-005, ZE-005, ZE-026, IM-006, SC-016, ME-005, ME-008
möchte ich;2;10;2;2.9;2;5.0;2;2.2;4;4.0;SP-009, SP-018, SP-023, SP-027, AM-007, HH-037, HH-055, ZE-002, IM-001, SC-001
ich gern;2;9;4;5.7;1;2.5;4;4.4;0;0.0;SP-001, SP-016, SP-017, SP-023, EC-007, HH-052, PD-007, ME-001, CH-005
ist mir;2;9;3;4.3;0;0.0;2;2.2;4;4.0;SP-021, SP-027, PD-009, ZE-034, ZE-035, IM-012, ME-005, PI-018, PI-020
können wir;2;9;9;12.9;0;0.0;0;0.0;0;0.0;SP-003, ZE-001, IM-003, IM-017, SC-003, SC-007, SC-015, ME-003, ME-019
termin bei;2;9;8;11.4;0;0.0;0;0.0;1;1.0;ZE-001, ZE-005, ZE-016, ZE-017, ZE-020, IM-014, IM-021, SC-007, SC-021
würde ich gern;3;8;3;4.3;1;2.5;4;4.4;0;0.0;SP-016, SP-017, SP-023, EC-007, HH-052, PD-007, ME-001, CH-005
brauche ich;2;8;0;0.0;1;2.5;0;0.0;7;7.0;SP-004, SP-027, SP-029, SP-038, HH-026, HH-056, ME-011, PI-004
den stadtwerken;2;8;0;0.0;8;20.0;0;0.0;0;0.0;HH-024, HH-025, HH-028, HH-030, HH-035, HH-039, HH-041, HH-043
für die;2;8;5;7.1;0;0.0;3;3.3;0;0.0;EC-003, ZE-026, ZE-030, SC-001, SC-003, SC-010, SC-012, SC-021
termin vereinbaren;2;8;5;7.1;0;0.0;2;2.2;1;1.0;ZE-023, ZE-026, IM-007, IM-019, SC-001, SC-003, ME-002, ME-007
würde ich;2;8;3;4.3;1;2.5;4;4.4;0;0.0;SP-016, SP-017, SP-023, EC-007, HH-052, PD-007, ME-001, CH-005
zu den;2;8;0;0.0;4;10.0;1;1.1;3;3.0;EC-002, HH-011, HH-024, HH-030, HH-035, HH-039, PD-014, CH-018
termin bei ihnen;3;7;7;10.0;0;0.0;0;0.0;0;0.0;ZE-001, ZE-005, ZE-016, IM-014, IM-021, SC-007, SC-021
bin ich;2;7;5;7.1;0;0.0;1;1.1;1;1.0;SP-030, IM-002, IM-015, SC-010, SC-012, SC-016, ME-005
ein termin;2;7;7;10.0;0;0.0;0;0.0;0;0.0;SP-006, ZE-006, ZE-021, IM-010, SC-005, SC-006, SC-016
ich mich;2;7;2;2.9;0;0.0;4;4.4;1;1.0;SP-017, SP-023, PD-005, PD-007, IM-009, SC-021, CH-005
ich würde;2;7;5;7.1;1;2.5;1;1.1;0;0.0;SP-003, AM-010, HH-039, ZE-003, IM-016, IM-017, ME-003
keinen termin;2;7;1;1.4;0;0.0;1;1.1;5;5.0;SP-009, SP-013, ZE-011, ZE-023, IM-020, ME-002, ME-012
nach einem;2;7;6;8.6;0;0.0;1;1.1;0;0.0;ZE-005, IM-005, SC-017, ME-005, ME-014, ME-016, CH-016
nicht mehr;2;7;0;0.0;1;2.5;0;0.0;6;6.0;SP-027, SP-038, SP-063, AM-009, HH-051, HH-056, PI-011
sie nach;2;7;7;10.0;0;0.0;0;0.0;0;0.0;SP-021, IM-014, SC-005, SC-012, SC-017, ME-014, ME-016
einen termin bei;3;6;5;7.1;0;0.0;0;0.0;1;1.0;ZE-001, ZE-016, ZE-017, ZE-020, IM-014, SC-021
freien termin;2;6;6;8.6;0;0.0;0;0.0;0;0.0;ZE-005, ZE-010, IM-005, SC-017, ME-005, ME-014
freien termine;2;6;5;7.1;0;0.0;0;0.0;1;1.0;SP-007, SP-014, ZE-015, IM-006, SC-004, ME-015
gern einen;2;6;6;8.6;0;0.0;0;0.0;0;0.0;SP-001, ZE-017, IM-007, IM-021, SC-021, ME-007
hat sich;2;6;0;0.0;0;0.0;0;0.0;6;6.0;SP-009, SP-040, HH-022, HH-038, HH-054, CH-004
muss ich;2;6;0;0.0;0;0.0;4;4.4;2;2.0;SP-033, AM-009, HH-008, ZE-013, ZE-026, CH-008
und würde;2;6;6;8.6;0;0.0;0;0.0;0;0.0;SP-005, ZE-017, IM-007, IM-014, SC-021, ME-007
wir einen;2;6;6;8.6;0;0.0;0;0.0;0;0.0;ZE-001, IM-001, IM-003, IM-019, SC-003, SC-015
nach einem freien termin;4;5;5;7.1;0;0.0;0;0.0;0;0.0;ZE-005, IM-005, SC-017, ME-005, ME-014
einem freien termin;3;5;5;7.1;0;0.0;0;0.0;0;0.0;ZE-005, IM-005, SC-017, ME-005, ME-014
einen termin vereinbaren;3;5;4;5.7;0;0.0;1;1.1;0;0.0;ZE-026, IM-019, SC-001, SC-003, ME-007
nach einem freien;3;5;5;7.1;0;0.0;0;0.0;0;0.0;ZE-005, IM-005, SC-017, ME-005, ME-014
wir einen termin;3;5;5;7.1;0;0.0;0;0.0;0;0.0;ZE-001, IM-001, IM-003, IM-019, SC-003
bei den;2;5;0;0.0;4;10.0;1;1.1;0;0.0;SP-030, HH-025, HH-028, HH-041, HH-043
bietet ihr;2;5;0;0.0;0;0.0;5;5.6;0;0.0;AM-008, EC-003, PD-014, CH-003, PI-008
dafür einen;2;5;4;5.7;0;0.0;1;1.1;0;0.0;SP-003, SP-010, AM-001, SC-007, ME-003
die mitmachwerkstatt;2;5;5;7.1;0;0.0;0;0.0;0;0.0;SC-001, SC-003, SC-010, SC-012, SC-014
einem freien;2;5;5;7.1;0;0.0;0;0.0;0;0.0;ZE-005, IM-005, SC-017, ME-005, ME-014
erst einmal;2;5;0;0.0;0;0.0;2;2.2;3;3.0;SP-009, EC-009, ZE-013, PI-005, PI-014
frei ist;2;5;5;7.1;0;0.0;0;0.0;0;0.0;SP-005, SP-006, ZE-021, IM-010, SC-006
für einen;2;5;1;1.4;1;2.5;1;1.1;2;2.0;SP-009, SP-051, IM-002, IM-014, CH-007
für mich;2;5;3;4.3;0;0.0;0;0.0;2;2.0;SP-036, ZE-006, ZE-010, ME-013, ME-016
ich nicht;2;5;1;1.4;0;0.0;0;0.0;4;4.0;SP-027, SP-029, IM-012, ME-004, PI-004
in der;2;5;3;4.3;0;0.0;0;0.0;2;2.0;SC-016, ME-003, ME-004, ME-005, CH-004
könnten sie;2;5;4;5.7;1;2.5;0;0.0;0;0.0;SP-021, HH-030, SC-012, SC-017, ME-014
mich mit;2;5;0;0.0;4;10.0;1;1.1;0;0.0;SP-062, HH-032, HH-043, HH-050, CH-005
mit der;2;5;0;0.0;2;5.0;0;0.0;3;3.0;HH-025, HH-032, HH-038, ZE-009, ZE-018
schauen sie;2;5;5;7.1;0;0.0;0;0.0;0;0.0;SP-005, IM-014, SC-006, ME-005, ME-016
sie bitte;2;5;5;7.1;0;0.0;0;0.0;0;0.0;SP-014, ZE-005, IM-005, SC-006, ME-005
termin frei;2;5;5;7.1;0;0.0;0;0.0;0;0.0;ZE-021, IM-010, IM-012, SC-005, SC-006
und ich;2;5;2;2.9;0;0.0;0;0.0;3;3.0;SP-012, AM-004, IM-020, SC-013, SC-014
vor ort;2;5;3;4.3;1;2.5;1;1.1;0;0.0;SP-003, SP-041, IM-003, SC-008, CH-014
wir möchten;2;5;3;4.3;1;2.5;1;1.1;0;0.0;SP-010, AM-012, HH-043, ZE-008, ME-021
würde gern;2;5;4;5.7;1;2.5;0;0.0;0;0.0;SP-005, HH-039, IM-016, SC-021, ME-007
zum töpfern;2;5;4;5.7;0;0.0;0;0.0;1;1.0;SP-006, SP-008, SP-014, SP-018, SP-019
einen termin bei ihnen;4;4;4;5.7;0;0.0;0;0.0;0;0.0;ZE-001, ZE-016, IM-014, SC-021
können sie mich mit;4;4;0;0.0;4;10.0;0;0.0;0;0.0;SP-062, HH-032, HH-043, HH-050
bei den stadtwerken;3;4;0;0.0;4;10.0;0;0.0;0;0.0;HH-025, HH-028, HH-041, HH-043
den stadtwerken verbinden;3;4;0;0.0;4;10.0;0;0.0;0;0.0;HH-024, HH-035, HH-041, HH-043
ein termin frei;3;4;4;5.7;0;0.0;0;0.0;0;0.0;ZE-021, IM-010, SC-005, SC-006
für die mitmachwerkstatt;3;4;4;5.7;0;0.0;0;0.0;0;0.0;SC-001, SC-003, SC-010, SC-012
gern einen termin;3;4;4;5.7;0;0.0;0;0.0;0;0.0;SP-001, ZE-017, SC-021, ME-007
können wir dafür;3;4;4;5.7;0;0.0;0;0.0;0;0.0;SP-003, IM-017, SC-007, ME-003
können wir einen;3;4;4;5.7;0;0.0;0;0.0;0;0.0;ZE-001, IM-003, SC-003, SC-015
könnten sie nach;3;4;4;5.7;0;0.0;0;0.0;0;0.0;SP-021, SC-012, SC-017, ME-014
sie mich bitte;3;4;0;0.0;4;10.0;0;0.0;0;0.0;HH-025, HH-034, HH-053, HH-057
sie mich mit;3;4;0;0.0;4;10.0;0;0.0;0;0.0;SP-062, HH-032, HH-043, HH-050
verbinden sie mich;3;4;0;0.0;4;10.0;0;0.0;0;0.0;SP-059, HH-025, HH-034, HH-037
welche freien termine;3;4;4;5.7;0;0.0;0;0.0;0;0.0;SP-007, ZE-015, IM-006, ME-015
zu den stadtwerken;3;4;0;0.0;4;10.0;0;0.0;0;0.0;HH-024, HH-030, HH-035, HH-039
bei mir;2;4;1;1.4;1;2.5;1;1.1;1;1.0;HH-005, HH-046, ZE-010, SC-002
bei uns;2;4;0;0.0;0;0.0;1;1.1;3;3.0;AM-007, EC-009, IM-018, CH-004
bevor ich;2;4;0;0.0;0;0.0;3;3.3;1;1.0;SP-023, PD-007, CH-005, PI-013
bitte verbinden;2;4;0;0.0;4;10.0;0;0.0;0;0.0;SP-059, HH-037, HH-044, HH-057
das mit;2;4;0;0.0;0;0.0;0;0.0;4;4.0;HH-009, HH-038, ZE-027, IM-004
doch nicht;2;4;0;0.0;0;0.0;1;1.1;3;3.0;SP-038, HH-056, PD-012, SC-004
einen moment;2;4;0;0.0;0;0.0;0;0.0;4;4.0;SP-022, ZE-036, CH-018, PI-013
für den;2;4;1;1.4;2;5.0;1;1.1;0;0.0;SP-017, SP-062, EC-007, HH-052
ich die;2;4;0;0.0;1;2.5;1;1.1;2;2.0;HH-026, HH-027, PD-006, PI-004
ich mir;2;4;1;1.4;0;0.0;1;1.1;2;2.0;SP-030, HH-018, ZE-031, IM-006
ich muss;2;4;1;1.4;0;0.0;0;0.0;3;3.0;AM-004, PD-002, IM-011, ME-014
ich noch;2;4;0;0.0;0;0.0;0;0.0;4;4.0;ZE-002, ZE-018, IM-002, ME-002
ihrem kundenservice;2;4;0;0.0;4;10.0;0;0.0;0;0.0;HH-052, HH-053, HH-055, HH-057
ist alles;2;4;0;0.0;0;0.0;0;0.0;4;4.0;SP-047, SP-054, SP-056, PI-009
komme ich;2;4;2;2.9;0;0.0;0;0.0;2;2.0;IM-012, SC-009, ME-004, ME-016
mich bitte;2;4;0;0.0;4;10.0;0;0.0;0;0.0;HH-025, HH-034, HH-053, HH-057
mit meiner;2;4;0;0.0;0;0.0;0;0.0;4;4.0;SP-018, ZE-004, IM-018, CH-009
nichts vereinbaren;2;4;0;0.0;0;0.0;0;0.0;4;4.0;ZE-002, ZE-004, IM-013, ME-020
noch keinen;2;4;2;2.9;0;0.0;1;1.1;1;1.0;SP-010, ZE-011, ZE-023, ME-012
noch nichts;2;4;2;2.9;0;0.0;0;0.0;2;2.0;ZE-002, ZE-014, ZE-017, ME-020
stadtwerken verbinden;2;4;0;0.0;4;10.0;0;0.0;0;0.0;HH-024, HH-035, HH-041, HH-043
termin für;2;4;4;5.7;0;0.0;0;0.0;0;0.0;ZE-006, ZE-007, ZE-010, IM-003
und möchte;2;4;1;1.4;0;0.0;1;1.1;2;2.0;EC-004, ME-012, PI-011, PI-014
verbinden sie;2;4;0;0.0;4;10.0;0;0.0;0;0.0;SP-059, HH-025, HH-034, HH-037
welche freien;2;4;4;5.7;0;0.0;0;0.0;0;0.0;SP-007, ZE-015, IM-006, ME-015
wie lange;2;4;0;0.0;0;0.0;3;3.3;1;1.0;PD-007, CH-010, CH-011, CH-012
wir dafür;2;4;4;5.7;0;0.0;0;0.0;0;0.0;SP-003, IM-017, SC-007, ME-003
bitte nach einem freien termin;5;3;3;4.3;0;0.0;0;0.0;0;0.0;ZE-005, IM-005, ME-005
sie bitte nach einem freien;5;3;3;4.3;0;0.0;0;0.0;0;0.0;ZE-005, IM-005, ME-005
besprechen können wir dafür;4;3;3;4.3;0;0.0;0;0.0;0;0.0;SP-003, IM-017, ME-003
bitte nach einem freien;4;3;3;4.3;0;0.0;0;0.0;0;0.0;ZE-005, IM-005, ME-005
ein termin frei ist;4;3;3;4.3;0;0.0;0;0.0;0;0.0;ZE-021, IM-010, SC-006
können wir dafür einen;4;3;3;4.3;0;0.0;0;0.0;0;0.0;SP-003, SC-007, ME-003
können wir einen termin;4;3;3;4.3;0;0.0;0;0.0;0;0.0;ZE-001, IM-003, SC-003
sie bitte nach einem;4;3;3;4.3;0;0.0;0;0.0;0;0.0;ZE-005, IM-005, ME-005
amazon business dafür;3;3;0;0.0;0;0.0;3;3.3;0;0.0;AM-001, AM-003, AM-012
besprechen können wir;3;3;3;4.3;0;0.0;0;0.0;0;0.0;SP-003, IM-017, ME-003
bevor ich mich;3;3;0;0.0;0;0.0;3;3.3;0;0.0;SP-023, PD-007, CH-005
bitte nach einem;3;3;3;4.3;0;0.0;0;0.0;0;0.0;ZE-005, IM-005, ME-005
brauche ich nicht;3;3;0;0.0;0;0.0;0;0.0;3;3.0;SP-027, SP-029, PI-004
dafür einen termin;3;3;3;4.3;0;0.0;0;0.0;0;0.0;SP-003, SP-010, ME-003
den stadtwerken durchstellen;3;3;0;0.0;3;7.5;0;0.0;0;0.0;HH-028, HH-030, HH-039
einen gemeinsamen termin;3;3;3;4.3;0;0.0;0;0.0;0;0.0;ZE-007, ZE-008, IM-021
gibt es für;3;3;1;1.4;0;0.0;2;2.2;0;0.0;EC-006, EC-007, SC-010
habe ich gefunden;3;3;0;0.0;0;0.0;0;0.0;3;3.0;PD-002, ZE-029, CH-018
habe ich mich;3;3;2;2.9;0;0.0;0;0.0;1;1.0;SP-017, IM-009, SC-021
hat sich erledigt;3;3;0;0.0;0;0.0;0;0.0;3;3.0;SP-040, HH-022, HH-054
mit ihrem kundenservice;3;3;0;0.0;3;7.5;0;0.0;0;0.0;HH-052, HH-053, HH-055
montag oder donnerstag;3;3;2;2.9;0;0.0;0;0.0;1;1.0;ZE-019, ZE-020, ZE-021
noch keinen termin;3;3;1;1.4;0;0.0;1;1.1;1;1.0;ZE-011, ZE-023, ME-012
nächste woche etwas;3;3;3;4.3;0;0.0;0;0.0;0;0.0;ZE-014, SC-005, SC-006
sie bitte nach;3;3;3;4.3;0;0.0;0;0.0;0;0.0;ZE-005, IM-005, ME-005
sie nach einem;3;3;3;4.3;0;0.0;0;0.0;0;0.0;SC-017, ME-014, ME-016
termin frei ist;3;3;3;4.3;0;0.0;0;0.0;0;0.0;ZE-021, IM-010, SC-006
und würde gern;3;3;3;4.3;0;0.0;0;0.0;0;0.0;SP-005, SC-021, ME-007
wir dafür einen;3;3;3;4.3;0;0.0;0;0.0;0;0.0;SP-003, SC-007, ME-003
zur tüv prüfung;3;3;0;0.0;0;0.0;2;2.2;1;1.0;ZE-034, ZE-035, ZE-036
aber noch;2;3;1;1.4;0;0.0;0;0.0;2;2.0;SP-010, SP-018, SC-009
alles geklärt;2;3;0;0.0;0;0.0;0;0.0;3;3.0;SP-047, SP-049, PI-009
am vormittag;2;3;3;4.3;0;0.0;0;0.0;0;0.0;SC-010, SC-012, ME-014
bei der;2;3;1;1.4;0;0.0;2;2.2;0;0.0;SP-012, SP-034, PD-005
bekomme ich;2;3;0;0.0;0;0.0;3;3.3;0;0.0;HH-012, CH-017, PI-014
besprechen können;2;3;3;4.3;0;0.0;0;0.0;0;0.0;SP-003, IM-017, ME-003
big wave;2;3;0;0.0;0;0.0;2;2.2;1;1.0;SP-037, SP-038, SP-039
bitte nach;2;3;3;4.3;0;0.0;0;0.0;0;0.0;ZE-005, IM-005, ME-005
business dafür;2;3;0;0.0;0;0.0;3;3.3;0;0.0;AM-001, AM-003, AM-012
deep water;2;3;0;0.0;0;0.0;2;2.2;1;1.0;SP-028, SP-029, SP-030
der buchung;2;3;1;1.4;0;0.0;0;0.0;2;2.0;SP-012, ZE-009, ZE-018
der tag;2;3;3;4.3;0;0.0;0;0.0;0;0.0;ZE-010, IM-012, ME-005
die große;2;3;0;0.0;0;0.0;2;2.2;1;1.0;SP-025, SP-026, SP-027
einen gemeinsamen;2;3;3;4.3;0;0.0;0;0.0;0;0.0;ZE-007, ZE-008, IM-021
einen neuen;2;3;2;2.9;0;0.0;0;0.0;1;1.0;ME-008, ME-010, ME-011
erst mal;2;3;0;0.0;0;0.0;0;0.0;3;3.0;HH-018, IM-011, IM-018
es für;2;3;1;1.4;0;0.0;2;2.2;0;0.0;EC-006, EC-007, SC-010
es geht;2;3;0;0.0;0;0.0;3;3.3;0;0.0;HH-005, HH-014, PI-005
es um;2;3;0;0.0;0;0.0;2;2.2;1;1.0;AM-012, ZE-020, CH-017
etwas frei;2;3;3;4.3;0;0.0;0;0.0;0;0.0;SP-005, SP-015, ME-017
freie termine;2;3;3;4.3;0;0.0;0;0.0;0;0.0;SP-008, ZE-019, SC-010
für eine;2;3;0;0.0;0;0.0;3;3.3;0;0.0;ZE-025, PI-014, PI-015
geht es;2;3;1;1.4;0;0.0;2;2.2;0;0.0;AM-012, ZE-019, CH-017
gemeinsamen termin;2;3;3;4.3;0;0.0;0;0.0;0;0.0;ZE-007, ZE-008, IM-021
hab ich;2;3;0;0.0;0;0.0;0;0.0;3;3.0;SP-031, ZE-004, IM-011
haben sie;2;3;3;4.3;0;0.0;0;0.0;0;0.0;SP-015, IM-012, ME-015
haben wir;2;3;1;1.4;1;2.5;0;0.0;1;1.0;EC-011, HH-048, SC-014
habt ihr;2;3;0;0.0;0;0.0;3;3.3;0;0.0;ZE-033, ZE-034, ZE-035
hat mir;2;3;0;0.0;0;0.0;0;0.0;3;3.0;AM-002, AM-004, AM-011
ich bin;2;3;2;2.9;1;2.5;0;0.0;0;0.0;HH-030, ZE-021, IM-016
ich brauche;2;3;1;1.4;2;5.0;0;0.0;0;0.0;HH-023, HH-044, IM-008
ich den;2;3;0;0.0;0;0.0;2;2.2;1;1.0;HH-007, HH-008, HH-056
ich einen;2;3;2;2.9;0;0.0;1;1.1;0;0.0;ZE-026, SC-001, ME-008
ich erst;2;3;1;1.4;0;0.0;0;0.0;2;2.0;SP-009, ZE-013, ME-016
ich gefunden;2;3;0;0.0;0;0.0;0;0.0;3;3.0;PD-002, ZE-029, CH-018
ich gerade;2;3;0;0.0;0;0.0;0;0.0;3;3.0;AM-009, ME-011, PI-013
ich hatte;2;3;0;0.0;0;0.0;0;0.0;3;3.0;SP-063, HH-031, HH-049
ich kann;2;3;3;4.3;0;0.0;0;0.0;0;0.0;SP-006, ZE-012, ME-003
ich lese;2;3;0;0.0;0;0.0;0;0.0;3;3.0;SP-022, EC-009, CH-018
ihr betrieb;2;3;0;0.0;0;0.0;3;3.3;0;0.0;CH-003, CH-005, CH-016
in die;2;3;3;4.3;0;0.0;0;0.0;0;0.0;SC-014, ME-007, ME-016
in ihrer;2;3;2;2.9;0;0.0;1;1.1;0;0.0;SP-023, ME-001, ME-005
in welchen;2;3;0;0.0;0;0.0;3;3.3;0;0.0;HH-005, HH-006, CH-005
influencer relations;2;3;0;0.0;0;0.0;2;2.2;1;1.0;PI-007, PI-008, PI-009
ist der;2;3;1;1.4;2;5.0;0;0.0;0;0.0;HH-025, HH-046, ZE-010
ist gerade;2;3;0;0.0;2;5.0;0;0.0;1;1.0;SP-048, SP-057, HH-038
ist noch;2;3;2;2.9;0;0.0;0;0.0;1;1.0;SP-011, ZE-014, ZE-017
kann man;2;3;0;0.0;0;0.0;3;3.3;0;0.0;SP-039, ZE-024, ZE-025
kundenservice sprechen;2;3;0;0.0;2;5.0;0;0.0;1;1.0;HH-052, HH-056, HH-057
könnte ich;2;3;3;4.3;0;0.0;0;0.0;0;0.0;SP-007, SP-008, ZE-021
mein anliegen;2;3;1;1.4;1;2.5;0;0.0;1;1.0;HH-023, SC-009, ME-003
meine partnerin;2;3;2;2.9;0;0.0;0;0.0;1;1.0;IM-019, IM-020, IM-021
mit einem;2;3;0;0.0;2;5.0;1;1.1;0;0.0;SP-062, HH-057, CH-005
mit ihrem;2;3;0;0.0;3;7.5;0;0.0;0;0.0;HH-052, HH-053, HH-055
mit jemandem;2;3;0;0.0;3;7.5;0;0.0;0;0.0;HH-041, HH-043, HH-050
moment ich;2;3;0;0.0;0;0.0;0;0.0;3;3.0;SP-022, HH-013, CH-018
montag oder;2;3;2;2.9;0;0.0;0;0.0;1;1.0;ZE-019, ZE-020, ZE-021
moonlight porzellan;2;3;0;0.0;0;0.0;2;2.2;1;1.0;SP-031, SP-032, SP-033
nicht um;2;3;0;0.0;0;0.0;2;2.2;1;1.0;HH-014, ZE-020, PI-005
noch ein;2;3;2;2.9;0;0.0;0;0.0;1;1.0;SP-016, SC-006, ME-020
noch etwas;2;3;2;2.9;0;0.0;1;1.1;0;0.0;SP-005, HH-012, ME-017
oder donnerstag;2;3;2;2.9;0;0.0;0;0.0;1;1.0;ZE-019, ZE-020, ZE-021
oder kann;2;3;0;0.0;0;0.0;3;3.3;0;0.0;SP-032, ZE-025, CH-007
prüfen sie;2;3;3;4.3;0;0.0;0;0.0;0;0.0;SP-008, SP-014, ZE-019
sich erledigt;2;3;0;0.0;0;0.0;0;0.0;3;3.0;SP-040, HH-022, HH-054
sie uns;2;3;3;4.3;0;0.0;0;0.0;0;0.0;SP-012, IM-021, SC-008
sind bei;2;3;0;0.0;0;0.0;2;2.2;1;1.0;SP-034, EC-009, CH-019
sofort jemanden;2;3;0;0.0;3;7.5;0;0.0;0;0.0;SP-043, SP-046, SP-053
stadtwerken durchstellen;2;3;0;0.0;3;7.5;0;0.0;0;0.0;HH-028, HH-030, HH-039
termin buchen;2;3;3;4.3;0;0.0;0;0.0;0;0.0;SP-010, ZE-008, SC-019
termin festlegen;2;3;2;2.9;0;0.0;0;0.0;1;1.0;SP-003, ZE-013, ME-019
tüv prüfung;2;3;0;0.0;0;0.0;2;2.2;1;1.0;ZE-034, ZE-035, ZE-036
um eine;2;3;0;0.0;0;0.0;3;3.3;0;0.0;AM-012, HH-014, PI-005
und könnte;2;3;3;4.3;0;0.0;0;0.0;0;0.0;IM-005, SC-005, SC-016
unsere gruppe;2;3;0;0.0;1;2.5;0;0.0;2;2.0;SP-038, SP-055, SP-056
welche möglichkeiten;2;3;0;0.0;0;0.0;3;3.3;0;0.0;AM-003, AM-005, PD-015
welche zahlungsarten;2;3;0;0.0;0;0.0;3;3.3;0;0.0;AM-007, AM-008, PD-014
wie viele;2;3;0;0.0;0;0.0;2;2.2;1;1.0;SP-037, SP-038, SP-039
wir brauchen;2;3;0;0.0;2;5.0;0;0.0;1;1.0;SP-043, SP-048, PD-004
woche etwas;2;3;3;4.3;0;0.0;0;0.0;0;0.0;ZE-014, SC-005, SC-006
würden sie;2;3;3;4.3;0;0.0;0;0.0;0;0.0;SP-006, ZE-005, SC-014
zur tüv;2;3;0;0.0;0;0.0;2;2.2;1;1.0;ZE-034, ZE-035, ZE-036
